,mean_fit_time,std_fit_time,mean_score_time,std_score_time,param_colsample_bytree,param_learning_rate,param_max_depth,param_n_estimators,params,split0_test_score,split1_test_score,split2_test_score,split3_test_score,split4_test_score,mean_test_score,std_test_score,rank_test_score
79,0.6987366676330566,0.01237216394964558,0.009766483306884765,0.0004157553710075391,0.3,0.005,10,1000,"{'colsample_bytree': 0.3, 'learning_rate': 0.005, 'max_depth': 10, 'n_estimators': 1000}",0.84,0.832,0.848,0.8467741935483871,0.8548387096774194,0.8443225806451613,0.00775439857051641,1
75,0.5006283283233642,0.015047928265507863,0.007772111892700195,0.00039574211054203286,0.3,0.005,5,1000,"{'colsample_bytree': 0.3, 'learning_rate': 0.005, 'max_depth': 5, 'n_estimators': 1000}",0.824,0.832,0.848,0.8548387096774194,0.8548387096774194,0.8427354838709677,0.01254559882779501,2
57,0.05226016044616699,0.0010311581550971592,0.0017957210540771485,0.0003990892405661673,0.3,0.1,5,100,"{'colsample_bytree': 0.3, 'learning_rate': 0.1, 'max_depth': 5, 'n_estimators': 100}",0.832,0.84,0.832,0.8629032258064516,0.8387096774193549,0.8411225806451613,0.011383512183671451,3
122,0.35585432052612304,0.004858408457397367,0.004173755645751953,0.0004080526563385248,0.7,0.005,5,500,"{'colsample_bytree': 0.7, 'learning_rate': 0.005, 'max_depth': 5, 'n_estimators': 500}",0.832,0.832,0.832,0.8709677419354839,0.8306451612903226,0.8395225806451613,0.015731334346869203,4
127,1.2087503910064696,0.022597487677779693,0.010179519653320312,0.0007394325973792003,0.7,0.005,10,1000,"{'colsample_bytree': 0.7, 'learning_rate': 0.005, 'max_depth': 10, 'n_estimators': 1000}",0.832,0.832,0.84,0.8467741935483871,0.8467741935483871,0.8395096774193549,0.006611767014899541,5
78,0.34067249298095703,0.003446394401361965,0.005194711685180664,0.000991304822481029,0.3,0.005,10,500,"{'colsample_bytree': 0.3, 'learning_rate': 0.005, 'max_depth': 10, 'n_estimators': 500}",0.832,0.824,0.856,0.8387096774193549,0.8467741935483871,0.8394967741935485,0.011156060680470859,6
120,0.010386514663696288,0.000491543703003302,0.0013890266418457031,0.0004799089433269332,0.7,0.005,5,10,"{'colsample_bytree': 0.7, 'learning_rate': 0.005, 'max_depth': 5, 'n_estimators': 10}",0.856,0.824,0.832,0.8387096774193549,0.8467741935483871,0.8394967741935485,0.011156060680470859,6
61,0.07241859436035156,0.0010056349448944865,0.0021866321563720702,0.0004033280699771298,0.3,0.1,10,100,"{'colsample_bytree': 0.3, 'learning_rate': 0.1, 'max_depth': 10, 'n_estimators': 100}",0.824,0.84,0.848,0.8629032258064516,0.8225806451612904,0.8394967741935483,0.015144144044988445,8
139,0.7099009037017823,0.00997692748102671,0.006183910369873047,0.0009773702675390152,0.7,0.0001,5,1000,"{'colsample_bytree': 0.7, 'learning_rate': 0.0001, 'max_depth': 5, 'n_estimators': 1000}",0.84,0.84,0.84,0.8467741935483871,0.8225806451612904,0.8378709677419355,0.008082817942382345,9
143,1.026243543624878,0.02249859176918397,0.008179140090942384,0.002917794310694593,0.7,0.0001,10,1000,"{'colsample_bytree': 0.7, 'learning_rate': 0.0001, 'max_depth': 10, 'n_estimators': 1000}",0.824,0.824,0.84,0.8629032258064516,0.8306451612903226,0.8363096774193549,0.0145325727652009,10
142,0.5182041168212891,0.01537891198527046,0.003998184204101562,1.7216793131368103e-05,0.7,0.0001,10,500,"{'colsample_bytree': 0.7, 'learning_rate': 0.0001, 'max_depth': 10, 'n_estimators': 500}",0.824,0.832,0.832,0.8629032258064516,0.8306451612903226,0.8363096774193549,0.013623350218498344,10
121,0.07579627037048339,0.0021862707094711955,0.0017954349517822266,0.0004001403837894662,0.7,0.005,5,100,"{'colsample_bytree': 0.7, 'learning_rate': 0.005, 'max_depth': 5, 'n_estimators': 100}",0.84,0.832,0.824,0.8467741935483871,0.8387096774193549,0.8362967741935483,0.007732854889693561,12
53,0.0369016170501709,2.3968171257479208e-05,0.00179443359375,0.0003982099511936631,0.3,0.1,3,100,"{'colsample_bytree': 0.3, 'learning_rate': 0.1, 'max_depth': 3, 'n_estimators': 100}",0.84,0.816,0.84,0.8467741935483871,0.8387096774193549,0.8362967741935483,0.010535513501726325,12
138,0.3608405113220215,0.013192785465395365,0.003391551971435547,0.0004895518625960216,0.7,0.0001,5,500,"{'colsample_bytree': 0.7, 'learning_rate': 0.0001, 'max_depth': 5, 'n_estimators': 500}",0.84,0.832,0.832,0.8548387096774194,0.8225806451612904,0.8362838709677419,0.010794194300323304,14
54,0.16855463981628419,0.0026152481366660744,0.0029929637908935546,1.981027419838046e-06,0.3,0.1,3,500,"{'colsample_bytree': 0.3, 'learning_rate': 0.1, 'max_depth': 3, 'n_estimators': 500}",0.808,0.832,0.824,0.8709677419354839,0.8387096774193549,0.8347354838709677,0.020813891143083477,15
126,0.5878348350524902,0.0032752823751474053,0.0051859855651855465,0.0003983260449725354,0.7,0.005,10,500,"{'colsample_bytree': 0.7, 'learning_rate': 0.005, 'max_depth': 10, 'n_estimators': 500}",0.816,0.824,0.824,0.8629032258064516,0.8467741935483871,0.8347354838709677,0.017434860482424982,15
119,0.4509929656982422,0.0019334741712100961,0.0047873973846435545,0.0003989705193684402,0.7,0.005,3,1000,"{'colsample_bytree': 0.7, 'learning_rate': 0.005, 'max_depth': 3, 'n_estimators': 1000}",0.832,0.808,0.832,0.8790322580645161,0.8225806451612904,0.8347225806451612,0.023831472121452035,17
141,0.11091027259826661,0.007609372513978843,0.002195310592651367,0.0003990175334262532,0.7,0.0001,10,100,"{'colsample_bytree': 0.7, 'learning_rate': 0.0001, 'max_depth': 10, 'n_estimators': 100}",0.824,0.832,0.832,0.8467741935483871,0.8387096774193549,0.8346967741935483,0.007628022165962323,18
104,0.010564136505126952,0.0004662499590653499,0.0017955780029296875,0.00039854377727888254,0.7,0.1,5,10,"{'colsample_bytree': 0.7, 'learning_rate': 0.1, 'max_depth': 5, 'n_estimators': 10}",0.848,0.824,0.824,0.8629032258064516,0.8145161290322581,0.8346838709677419,0.017936996919237877,19
170,0.43901772499084474,0.01288625931216131,0.003389739990234375,0.0004900643315491535,1,0.005,5,500,"{'colsample_bytree': 1, 'learning_rate': 0.005, 'max_depth': 5, 'n_estimators': 500}",0.816,0.808,0.84,0.8629032258064516,0.8387096774193549,0.8331225806451613,0.01944082405553779,20
125,0.10989856719970703,0.002299431616991736,0.001994037628173828,2.482513348084684e-05,0.7,0.005,10,100,"{'colsample_bytree': 0.7, 'learning_rate': 0.005, 'max_depth': 10, 'n_estimators': 100}",0.816,0.816,0.84,0.8467741935483871,0.8467741935483871,0.8331096774193549,0.0141872948100424,21
174,0.730660343170166,0.024865341635046487,0.00417943000793457,0.00040395899204543446,1,0.005,10,500,"{'colsample_bytree': 1, 'learning_rate': 0.005, 'max_depth': 10, 'n_estimators': 500}",0.832,0.816,0.824,0.8629032258064516,0.8306451612903226,0.8331096774193549,0.015941693970834156,21
88,0.008385801315307617,0.00048405211379986965,0.001396036148071289,0.00048737356823641884,0.3,0.0001,5,10,"{'colsample_bytree': 0.3, 'learning_rate': 0.0001, 'max_depth': 5, 'n_estimators': 10}",0.848,0.808,0.816,0.8387096774193549,0.8548387096774194,0.8331096774193549,0.018157475104904418,21
108,0.013968563079833985,0.0006188548092440843,0.001397418975830078,0.0004894553862676912,0.7,0.1,10,10,"{'colsample_bytree': 0.7, 'learning_rate': 0.1, 'max_depth': 10, 'n_estimators': 10}",0.832,0.816,0.84,0.8548387096774194,0.8225806451612904,0.833083870967742,0.013597477883294417,24
169,0.08676786422729492,0.002096027848679106,0.0017948150634765625,0.0007458436943709723,1,0.005,5,100,"{'colsample_bytree': 1, 'learning_rate': 0.005, 'max_depth': 5, 'n_estimators': 100}",0.84,0.816,0.832,0.8709677419354839,0.8064516129032258,0.833083870967742,0.022294982006826208,24
171,0.8166377544403076,0.009812904625080833,0.005569171905517578,0.0004761432939937883,1,0.005,5,1000,"{'colsample_bytree': 1, 'learning_rate': 0.005, 'max_depth': 5, 'n_estimators': 1000}",0.832,0.832,0.824,0.8548387096774194,0.8225806451612904,0.833083870967742,0.011562499936721328,24
123,0.7005322456359864,0.011879862415385054,0.006774711608886719,0.00039468423684934083,0.7,0.005,5,1000,"{'colsample_bytree': 0.7, 'learning_rate': 0.005, 'max_depth': 5, 'n_estimators': 1000}",0.824,0.84,0.824,0.8467741935483871,0.8306451612903226,0.833083870967742,0.009013750624028554,24
136,0.010564947128295898,0.0004647656368012862,0.0016026020050048829,0.0004937934475806302,0.7,0.0001,5,10,"{'colsample_bytree': 0.7, 'learning_rate': 0.0001, 'max_depth': 5, 'n_estimators': 10}",0.848,0.824,0.832,0.8387096774193549,0.8225806451612904,0.8330580645161291,0.009467275363565448,28
166,0.26149978637695315,0.008562364288314157,0.0025934219360351563,0.00048756781533421155,1,0.005,3,500,"{'colsample_bytree': 1, 'learning_rate': 0.005, 'max_depth': 3, 'n_estimators': 500}",0.824,0.784,0.848,0.8790322580645161,0.8225806451612904,0.8315225806451613,0.031380305600879316,29
167,0.5118293285369873,0.01249945645486728,0.003997135162353516,1.4314965988658808e-05,1,0.005,3,1000,"{'colsample_bytree': 1, 'learning_rate': 0.005, 'max_depth': 3, 'n_estimators': 1000}",0.832,0.8,0.832,0.8709677419354839,0.8225806451612904,0.8315096774193549,0.022934720735001485,30
60,0.009764480590820312,0.0007453240019145191,0.0015973091125488282,0.00048776116929926733,0.3,0.1,10,10,"{'colsample_bytree': 0.3, 'learning_rate': 0.1, 'max_depth': 10, 'n_estimators': 10}",0.824,0.816,0.832,0.8387096774193549,0.8467741935483871,0.8314967741935485,0.01078916479636503,31
55,0.34307427406311036,0.010095653268690183,0.0051785469055175785,0.0004028788825175602,0.3,0.1,3,1000,"{'colsample_bytree': 0.3, 'learning_rate': 0.1, 'max_depth': 3, 'n_estimators': 1000}",0.816,0.832,0.824,0.8629032258064516,0.8225806451612904,0.8314967741935483,0.016507376713219266,32
152,0.013563394546508789,0.0011973382846523744,0.0023941993713378906,0.00048890860496139,1,0.1,5,10,"{'colsample_bytree': 1, 'learning_rate': 0.1, 'max_depth': 5, 'n_estimators': 10}",0.84,0.816,0.824,0.8709677419354839,0.8064516129032258,0.8314838709677419,0.0226003232229426,33
74,0.25125918388366697,0.00767548927247354,0.004374265670776367,0.00048382570748222635,0.3,0.005,5,500,"{'colsample_bytree': 0.3, 'learning_rate': 0.005, 'max_depth': 5, 'n_estimators': 500}",0.832,0.808,0.848,0.8387096774193549,0.8306451612903226,0.8314709677419355,0.013247309035050656,34
124,0.013570356369018554,0.0004963289706423236,0.0013967990875244141,0.0004886944799204637,0.7,0.005,10,10,"{'colsample_bytree': 0.7, 'learning_rate': 0.005, 'max_depth': 10, 'n_estimators': 10}",0.84,0.816,0.832,0.8548387096774194,0.8145161290322581,0.8314709677419355,0.015138646095973929,34
14,0.1747222900390625,0.0027822666337012267,0.003991127014160156,0.0006319623977420881,0.1,0.1,10,500,"{'colsample_bytree': 0.1, 'learning_rate': 0.1, 'max_depth': 10, 'n_estimators': 500}",0.824,0.808,0.856,0.8306451612903226,0.8387096774193549,0.8314709677419355,0.015883677051304425,34
15,0.34209775924682617,0.007892423511664377,0.006376886367797851,0.0004946451730197458,0.1,0.1,10,1000,"{'colsample_bytree': 0.1, 'learning_rate': 0.1, 'max_depth': 10, 'n_estimators': 1000}",0.808,0.816,0.864,0.8467741935483871,0.8225806451612904,0.8314709677419355,0.020792314276830082,34
137,0.07400116920471192,0.0026404942716887684,0.0021948814392089844,0.0004185940461913164,0.7,0.0001,5,100,"{'colsample_bytree': 0.7, 'learning_rate': 0.0001, 'max_depth': 5, 'n_estimators': 100}",0.84,0.832,0.824,0.8387096774193549,0.8225806451612904,0.8314580645161291,0.007214922678808569,38
140,0.013961315155029297,4.264961199760036e-07,0.0015969276428222656,0.0004883385695400852,0.7,0.0001,10,10,"{'colsample_bytree': 0.7, 'learning_rate': 0.0001, 'max_depth': 10, 'n_estimators': 10}",0.832,0.824,0.84,0.8387096774193549,0.8225806451612904,0.8314580645161291,0.007214922678808569,38
10,0.1507956027984619,0.003362873808560802,0.0035900115966796876,0.0004886364110822502,0.1,0.1,5,500,"{'colsample_bytree': 0.1, 'learning_rate': 0.1, 'max_depth': 5, 'n_estimators': 500}",0.808,0.8,0.848,0.8548387096774194,0.8387096774193549,0.8299096774193548,0.02191245850353387,40
7,0.26511030197143554,0.005709315554007705,0.0047795772552490234,0.0003954871694838612,0.1,0.1,3,1000,"{'colsample_bytree': 0.1, 'learning_rate': 0.1, 'max_depth': 3, 'n_estimators': 1000}",0.816,0.816,0.84,0.8467741935483871,0.8306451612903226,0.8298838709677419,0.012439633214276208,41
72,0.008179235458374023,0.0007471688986029141,0.001395416259765625,0.00048826794121903415,0.3,0.005,5,10,"{'colsample_bytree': 0.3, 'learning_rate': 0.005, 'max_depth': 5, 'n_estimators': 10}",0.848,0.808,0.816,0.8306451612903226,0.8467741935483871,0.8298838709677419,0.016035724944813787,41
173,0.12604541778564454,0.005779973509301766,0.0016045093536376954,0.0004949220422684464,1,0.005,10,100,"{'colsample_bytree': 1, 'learning_rate': 0.005, 'max_depth': 10, 'n_estimators': 100}",0.824,0.8,0.856,0.8467741935483871,0.8225806451612904,0.8298709677419355,0.019739995687959644,43
101,0.04748072624206543,0.00048055344096325104,0.0015967369079589843,0.0004891441355784929,0.7,0.1,3,100,"{'colsample_bytree': 0.7, 'learning_rate': 0.1, 'max_depth': 3, 'n_estimators': 100}",0.84,0.816,0.824,0.8629032258064516,0.8064516129032258,0.8298709677419355,0.019844725025617075,43
118,0.2373642921447754,0.014974967584646476,0.0029912471771240236,1.7930598904574554e-06,0.7,0.005,3,500,"{'colsample_bytree': 0.7, 'learning_rate': 0.005, 'max_depth': 3, 'n_estimators': 500}",0.832,0.816,0.848,0.8306451612903226,0.8225806451612904,0.8298451612903225,0.010764229505014674,45
62,0.33629508018493653,0.0047555266450817054,0.005578374862670899,0.0004973344491522852,0.3,0.1,10,500,"{'colsample_bytree': 0.3, 'learning_rate': 0.1, 'max_depth': 10, 'n_estimators': 500}",0.824,0.824,0.848,0.8467741935483871,0.8064516129032258,0.8298451612903225,0.015695733362466397,45
100,0.00778665542602539,0.0004034660226656093,0.0013883113861083984,0.00047943698718941514,0.7,0.1,3,10,"{'colsample_bytree': 0.7, 'learning_rate': 0.1, 'max_depth': 3, 'n_estimators': 10}",0.856,0.808,0.848,0.7983870967741935,0.8387096774193549,0.8298193548387097,0.022623310844091474,47
117,0.04906020164489746,0.0007592791820767202,0.001596689224243164,0.0004885199594752803,0.7,0.005,3,100,"{'colsample_bytree': 0.7, 'learning_rate': 0.005, 'max_depth': 3, 'n_estimators': 100}",0.848,0.816,0.848,0.8064516129032258,0.8306451612903226,0.8298193548387097,0.01672590568297314,47
58,0.23954410552978517,0.0030381469681682693,0.004195356369018554,0.00041478582985684826,0.3,0.1,5,500,"{'colsample_bytree': 0.3, 'learning_rate': 0.1, 'max_depth': 5, 'n_estimators': 500}",0.8,0.824,0.84,0.8467741935483871,0.8306451612903226,0.8282838709677419,0.01614350834244208,49
164,0.009965085983276367,0.0010781086380330471,0.001804208755493164,0.00040180070214623727,1,0.005,3,10,"{'colsample_bytree': 1, 'learning_rate': 0.005, 'max_depth': 3, 'n_estimators': 10}",0.84,0.792,0.84,0.8467741935483871,0.8225806451612904,0.8282709677419355,0.01982661157472095,50
182,0.2545283317565918,0.004207501993100955,0.0027841567993164063,0.0003950333428285453,1,0.0001,3,500,"{'colsample_bytree': 1, 'learning_rate': 0.0001, 'max_depth': 3, 'n_estimators': 500}",0.84,0.792,0.84,0.8467741935483871,0.8225806451612904,0.8282709677419355,0.01982661157472095,50
56,0.008385848999023438,0.00048133931025371883,0.0013948440551757812,0.0004877614723017456,0.3,0.1,5,10,"{'colsample_bytree': 0.3, 'learning_rate': 0.1, 'max_depth': 5, 'n_estimators': 10}",0.832,0.8,0.84,0.8306451612903226,0.8387096774193549,0.8282709677419355,0.014596759579390278,50
13,0.04049067497253418,0.0008070688216527211,0.001995229721069336,0.0006321098871864334,0.1,0.1,10,100,"{'colsample_bytree': 0.1, 'learning_rate': 0.1, 'max_depth': 10, 'n_estimators': 100}",0.816,0.816,0.848,0.8225806451612904,0.8387096774193549,0.828258064516129,0.012897547137514653,53
11,0.30878047943115233,0.013452048838858385,0.005187082290649414,0.00039908949694521907,0.1,0.1,5,1000,"{'colsample_bytree': 0.1, 'learning_rate': 0.1, 'max_depth': 5, 'n_estimators': 1000}",0.808,0.816,0.856,0.8387096774193549,0.8225806451612904,0.828258064516129,0.0171565358439404,53
105,0.07340364456176758,0.0046832701752212835,0.0019941329956054688,1.5742849368304422e-06,0.7,0.1,5,100,"{'colsample_bytree': 0.7, 'learning_rate': 0.1, 'max_depth': 5, 'n_estimators': 100}",0.816,0.84,0.824,0.8467741935483871,0.8145161290322581,0.828258064516129,0.01294567212001439,53
175,1.5175150394439698,0.06962576950352767,0.007980585098266602,0.0006291694374958966,1,0.005,10,1000,"{'colsample_bytree': 1, 'learning_rate': 0.005, 'max_depth': 10, 'n_estimators': 1000}",0.832,0.832,0.832,0.8548387096774194,0.7903225806451613,0.8282322580645161,0.020917143912812367,56
181,0.05823535919189453,0.004394910865003043,0.0017964363098144532,0.0007459583778477797,1,0.0001,3,100,"{'colsample_bytree': 1, 'learning_rate': 0.0001, 'max_depth': 3, 'n_estimators': 100}",0.84,0.792,0.832,0.8467741935483871,0.8225806451612904,0.8266709677419355,0.019125941109107612,57
93,0.06822543144226074,0.0010232439945078115,0.0021863937377929687,0.0003844087334641434,0.3,0.0001,10,100,"{'colsample_bytree': 0.3, 'learning_rate': 0.0001, 'max_depth': 10, 'n_estimators': 100}",0.832,0.792,0.84,0.8145161290322581,0.8548387096774194,0.8266709677419355,0.02167625188868515,57
180,0.00819239616394043,0.00039167662504285627,0.0017886638641357421,0.0003953586941319841,1,0.0001,3,10,"{'colsample_bytree': 1, 'learning_rate': 0.0001, 'max_depth': 3, 'n_estimators': 10}",0.84,0.792,0.832,0.8467741935483871,0.8225806451612904,0.8266709677419355,0.019125941109107612,57
6,0.13704047203063965,0.002853259423553387,0.0031912803649902345,0.0004012550658718082,0.1,0.1,3,500,"{'colsample_bytree': 0.1, 'learning_rate': 0.1, 'max_depth': 3, 'n_estimators': 500}",0.808,0.824,0.832,0.8467741935483871,0.8225806451612904,0.8266709677419355,0.012688641507626133,57
150,0.24814367294311523,0.00698374373394209,0.0031823158264160157,0.00038342670100507405,1,0.1,3,500,"{'colsample_bytree': 1, 'learning_rate': 0.1, 'max_depth': 3, 'n_estimators': 500}",0.824,0.8,0.848,0.8548387096774194,0.8064516129032258,0.8266580645161291,0.021797455674490394,61
185,0.08636822700500488,0.003584121308345721,0.0015969276428222656,0.0004889089537590877,1,0.0001,5,100,"{'colsample_bytree': 1, 'learning_rate': 0.0001, 'max_depth': 5, 'n_estimators': 100}",0.848,0.824,0.816,0.8387096774193549,0.8064516129032258,0.8266322580645161,0.015031144912405446,62
133,0.04786386489868164,0.0010980294353876946,0.001802825927734375,0.0004028816197138433,0.7,0.0001,3,100,"{'colsample_bytree': 0.7, 'learning_rate': 0.0001, 'max_depth': 3, 'n_estimators': 100}",0.848,0.808,0.84,0.8064516129032258,0.8306451612903226,0.8266193548387097,0.01676782012914781,63
134,0.2275916576385498,0.002710619525715364,0.0027994632720947264,0.0007588131812713938,0.7,0.0001,3,500,"{'colsample_bytree': 0.7, 'learning_rate': 0.0001, 'max_depth': 3, 'n_estimators': 500}",0.848,0.808,0.848,0.7983870967741935,0.8306451612903226,0.8266064516129032,0.020367675518708057,64
135,0.451982307434082,0.006468408653215619,0.004387187957763672,0.0004878029538950353,0.7,0.0001,3,1000,"{'colsample_bytree': 0.7, 'learning_rate': 0.0001, 'max_depth': 3, 'n_estimators': 1000}",0.848,0.808,0.848,0.7983870967741935,0.8306451612903226,0.8266064516129032,0.020367675518708057,64
92,0.009374523162841797,0.00047330582498976225,0.001396512985229492,0.000488831249436749,0.3,0.0001,10,10,"{'colsample_bytree': 0.3, 'learning_rate': 0.0001, 'max_depth': 10, 'n_estimators': 10}",0.832,0.792,0.816,0.8387096774193549,0.8467741935483871,0.8250967741935484,0.01939599924418799,66
153,0.08597779273986816,0.006478701167542838,0.0019953250885009766,2.800784140699084e-06,1,0.1,5,100,"{'colsample_bytree': 1, 'learning_rate': 0.1, 'max_depth': 5, 'n_estimators': 100}",0.808,0.832,0.816,0.8387096774193549,0.8306451612903226,0.8250709677419354,0.011303078508393608,67
156,0.01674518585205078,0.0011542925786859313,0.0018052101135253907,0.000759398327826715,1,0.1,10,10,"{'colsample_bytree': 1, 'learning_rate': 0.1, 'max_depth': 10, 'n_estimators': 10}",0.816,0.808,0.832,0.8548387096774194,0.8145161290322581,0.8250709677419354,0.016847759278786026,67
73,0.05245089530944824,0.0008040001649417958,0.0017960548400878906,0.00039937662356344475,0.3,0.005,5,100,"{'colsample_bytree': 0.3, 'learning_rate': 0.005, 'max_depth': 5, 'n_estimators': 100}",0.824,0.792,0.84,0.8145161290322581,0.8548387096774194,0.8250709677419354,0.021518526732002826,67
188,0.014966964721679688,0.0006172101230434747,0.001994752883911133,1.946290171810012e-06,1,0.0001,10,10,"{'colsample_bytree': 1, 'learning_rate': 0.0001, 'max_depth': 10, 'n_estimators': 10}",0.832,0.8,0.832,0.8306451612903226,0.8306451612903226,0.8250580645161291,0.012543674378325867,70
77,0.06821532249450683,0.0010399311880642732,0.0021944522857666017,0.00040087976394612677,0.3,0.005,10,100,"{'colsample_bytree': 0.3, 'learning_rate': 0.005, 'max_depth': 10, 'n_estimators': 100}",0.832,0.792,0.84,0.8145161290322581,0.8467741935483871,0.8250580645161291,0.019733272398214718,70
191,1.22451491355896,0.06209366328798951,0.0050030708312988285,0.0006337531002479615,1,0.0001,10,1000,"{'colsample_bytree': 1, 'learning_rate': 0.0001, 'max_depth': 10, 'n_estimators': 1000}",0.832,0.792,0.848,0.8306451612903226,0.8225806451612904,0.8250451612903225,0.018464619823427845,72
52,0.006973981857299805,1.5905217738155615e-05,0.0014037132263183595,0.000497877311095643,0.3,0.1,3,10,"{'colsample_bytree': 0.3, 'learning_rate': 0.1, 'max_depth': 3, 'n_estimators': 10}",0.848,0.784,0.84,0.8064516129032258,0.8467741935483871,0.8250451612903225,0.025507441937064883,72
70,0.18031005859375,0.005459762751019817,0.0032038211822509764,0.0004225028926076558,0.3,0.005,3,500,"{'colsample_bytree': 0.3, 'learning_rate': 0.005, 'max_depth': 3, 'n_estimators': 500}",0.84,0.792,0.848,0.7983870967741935,0.8467741935483871,0.8250322580645161,0.024598198795339175,74
71,0.3466507911682129,0.0020201886976097217,0.0052014350891113285,0.00039132548901983915,0.3,0.005,3,1000,"{'colsample_bytree': 0.3, 'learning_rate': 0.005, 'max_depth': 3, 'n_estimators': 1000}",0.84,0.808,0.832,0.8145161290322581,0.8306451612903226,0.8250322580645161,0.011872440301373455,74
187,0.8349810600280761,0.014745938664855941,0.0043732643127441405,0.000786473609981136,1,0.0001,5,1000,"{'colsample_bytree': 1, 'learning_rate': 0.0001, 'max_depth': 5, 'n_estimators': 1000}",0.848,0.824,0.816,0.8306451612903226,0.8064516129032258,0.8250193548387097,0.014049260740954528,76
186,0.42327227592468264,0.015372170378656503,0.002586221694946289,0.00048359099533948336,1,0.0001,5,500,"{'colsample_bytree': 1, 'learning_rate': 0.0001, 'max_depth': 5, 'n_estimators': 500}",0.848,0.824,0.816,0.8306451612903226,0.8064516129032258,0.8250193548387097,0.014049260740954528,76
184,0.012565135955810547,0.0022394410643413517,0.0013972759246826173,0.0004892796455080218,1,0.0001,5,10,"{'colsample_bytree': 1, 'learning_rate': 0.0001, 'max_depth': 5, 'n_estimators': 10}",0.848,0.824,0.816,0.8387096774193549,0.7983870967741935,0.8250193548387097,0.017362027531368583,76
168,0.01137685775756836,0.0004974017970346907,0.0013887882232666016,0.00047789991679210144,1,0.005,5,10,"{'colsample_bytree': 1, 'learning_rate': 0.005, 'max_depth': 5, 'n_estimators': 10}",0.848,0.824,0.816,0.8306451612903226,0.8064516129032258,0.8250193548387097,0.014049260740954528,76
132,0.007777786254882813,0.0003988049629888418,0.0015969276428222656,0.0004892009728903832,0.7,0.0001,3,10,"{'colsample_bytree': 0.7, 'learning_rate': 0.0001, 'max_depth': 3, 'n_estimators': 10}",0.84,0.808,0.848,0.8064516129032258,0.8225806451612904,0.8250064516129031,0.01669069042077541,80
9,0.03429117202758789,0.0005020919707979215,0.0016042709350585938,0.0004956984845573559,0.1,0.1,5,100,"{'colsample_bytree': 0.1, 'learning_rate': 0.1, 'max_depth': 5, 'n_estimators': 100}",0.8,0.808,0.832,0.8387096774193549,0.8387096774193549,0.8234838709677419,0.01629366302384614,81
30,0.18171324729919433,0.008035953181013253,0.00338287353515625,0.00047985673885239216,0.1,0.005,10,500,"{'colsample_bytree': 0.1, 'learning_rate': 0.005, 'max_depth': 10, 'n_estimators': 500}",0.808,0.816,0.824,0.8145161290322581,0.8548387096774194,0.8234709677419355,0.01648981775187689,82
84,0.015956926345825195,0.005086044066554259,0.0035901546478271486,0.0007978919089135604,0.3,0.0001,3,10,"{'colsample_bytree': 0.3, 'learning_rate': 0.0001, 'max_depth': 3, 'n_estimators': 10}",0.848,0.784,0.816,0.8145161290322581,0.8548387096774194,0.8234709677419355,0.025610819773879048,82
149,0.05226621627807617,0.0004657256001502213,0.0017961978912353516,0.00039730106359238973,1,0.1,3,100,"{'colsample_bytree': 1, 'learning_rate': 0.1, 'max_depth': 3, 'n_estimators': 100}",0.824,0.808,0.816,0.8629032258064516,0.8064516129032258,0.8234709677419355,0.020688197080440004,82
94,0.3259116649627686,0.009954750522676099,0.004794549942016601,0.00040460107460003474,0.3,0.0001,10,500,"{'colsample_bytree': 0.3, 'learning_rate': 0.0001, 'max_depth': 10, 'n_estimators': 500}",0.824,0.8,0.824,0.8064516129032258,0.8629032258064516,0.8234709677419355,0.021890671493563784,82
189,0.11927204132080078,0.005817008587562206,0.0017953872680664062,0.0003994452835206943,1,0.0001,10,100,"{'colsample_bytree': 1, 'learning_rate': 0.0001, 'max_depth': 10, 'n_estimators': 100}",0.832,0.792,0.832,0.8387096774193549,0.8225806451612904,0.8234580645161291,0.016546423828708433,86
172,0.014960432052612304,0.0006567733800249785,0.001403474807739258,0.0005002608505764373,1,0.005,10,10,"{'colsample_bytree': 1, 'learning_rate': 0.005, 'max_depth': 10, 'n_estimators': 10}",0.832,0.8,0.832,0.8306451612903226,0.8225806451612904,0.8234451612903225,0.012236286256571353,87
183,0.5154351234436035,0.004521339093444892,0.0035754680633544923,0.0004758098646642478,1,0.0001,3,1000,"{'colsample_bytree': 1, 'learning_rate': 0.0001, 'max_depth': 3, 'n_estimators': 1000}",0.84,0.792,0.84,0.8225806451612904,0.8225806451612904,0.8234322580645161,0.01754090922267029,88
109,0.12445755004882812,0.002476766617868391,0.002195882797241211,0.0003979054345814196,0.7,0.1,10,100,"{'colsample_bytree': 0.7, 'learning_rate': 0.1, 'max_depth': 10, 'n_estimators': 100}",0.816,0.832,0.832,0.8467741935483871,0.7903225806451613,0.8234193548387096,0.01919972250926776,89
157,0.14960713386535646,0.0019051154617493729,0.0021946907043457033,0.0003992082397161666,1,0.1,10,100,"{'colsample_bytree': 1, 'learning_rate': 0.1, 'max_depth': 10, 'n_estimators': 100}",0.816,0.832,0.832,0.8387096774193549,0.7983870967741935,0.8234193548387096,0.014578818041387014,89
148,0.009374427795410156,0.0019665235593314023,0.0016063690185546876,0.0004935891715116454,1,0.1,3,10,"{'colsample_bytree': 1, 'learning_rate': 0.1, 'max_depth': 3, 'n_estimators': 10}",0.856,0.784,0.84,0.8145161290322581,0.8225806451612904,0.8234193548387096,0.02437323381365014,89
116,0.007777643203735351,0.0003988525039235957,0.0014058589935302735,0.0004838000616553691,0.7,0.005,3,10,"{'colsample_bytree': 0.7, 'learning_rate': 0.005, 'max_depth': 3, 'n_estimators': 10}",0.84,0.8,0.848,0.8064516129032258,0.8225806451612904,0.8234064516129032,0.018526731818738408,92
95,0.6558445453643799,0.006722626775777308,0.007978677749633789,2.361908788882352e-05,0.3,0.0001,10,1000,"{'colsample_bytree': 0.3, 'learning_rate': 0.0001, 'max_depth': 10, 'n_estimators': 1000}",0.816,0.8,0.824,0.8064516129032258,0.8629032258064516,0.8218709677419355,0.02208503102133478,93
76,0.009373712539672851,0.0004728919472147417,0.0015962600708007812,0.0004888502220213629,0.3,0.005,10,10,"{'colsample_bytree': 0.3, 'learning_rate': 0.005, 'max_depth': 10, 'n_estimators': 10}",0.832,0.792,0.816,0.8306451612903226,0.8387096774193549,0.8218709677419355,0.016672545615930894,93
26,0.15518465042114257,0.004746794894559564,0.00319819450378418,0.00039408409960621515,0.1,0.005,5,500,"{'colsample_bytree': 0.1, 'learning_rate': 0.005, 'max_depth': 5, 'n_estimators': 500}",0.808,0.808,0.832,0.8225806451612904,0.8387096774193549,0.8218580645161291,0.012421350489011378,95
5,0.0333094596862793,0.005801475831312809,0.0019955158233642576,0.0006305251009282928,0.1,0.1,3,100,"{'colsample_bytree': 0.1, 'learning_rate': 0.1, 'max_depth': 3, 'n_estimators': 100}",0.808,0.816,0.824,0.8306451612903226,0.8306451612903226,0.8218580645161291,0.00877925850016362,95
89,0.057045507431030276,0.004097921868237777,0.002197074890136719,0.0009759126676693405,0.3,0.0001,5,100,"{'colsample_bytree': 0.3, 'learning_rate': 0.0001, 'max_depth': 5, 'n_estimators': 100}",0.824,0.792,0.832,0.8064516129032258,0.8548387096774194,0.8218580645161289,0.02155937135531118,97
190,0.5988124370574951,0.026574773538464748,0.003384256362915039,0.00046321770391396404,1,0.0001,10,500,"{'colsample_bytree': 1, 'learning_rate': 0.0001, 'max_depth': 10, 'n_estimators': 500}",0.832,0.792,0.832,0.8306451612903226,0.8225806451612904,0.8218451612903225,0.015329423259920419,98
165,0.053855371475219724,0.001092913620963372,0.0015965938568115235,0.0004886363878161084,1,0.005,3,100,"{'colsample_bytree': 1, 'learning_rate': 0.005, 'max_depth': 3, 'n_estimators': 100}",0.84,0.784,0.84,0.8225806451612904,0.8225806451612904,0.8218322580645161,0.02045743684248863,99
102,0.23717374801635743,0.025508523518963797,0.0033896446228027345,0.0004889698593229969,0.7,0.1,3,500,"{'colsample_bytree': 0.7, 'learning_rate': 0.1, 'max_depth': 3, 'n_estimators': 500}",0.808,0.808,0.848,0.8387096774193549,0.8064516129032258,0.8218322580645161,0.017825964063609184,99
3,0.2471457004547119,0.04971285783935062,0.0051787376403808595,0.002126608012914072,0.1,0.1,1,1000,"{'colsample_bytree': 0.1, 'learning_rate': 0.1, 'max_depth': 1, 'n_estimators': 1000}",0.8,0.8,0.832,0.8387096774193549,0.8306451612903226,0.8202709677419355,0.016775007424424275,101
99,0.22121496200561525,0.003717262709664512,0.0027932643890380858,0.0003992100907870074,0.7,0.1,1,1000,"{'colsample_bytree': 0.7, 'learning_rate': 0.1, 'max_depth': 1, 'n_estimators': 1000}",0.816,0.816,0.832,0.8225806451612904,0.8145161290322581,0.8202193548387097,0.006519079498104113,102
147,0.23816218376159667,0.003859699456353503,0.0029916286468505858,0.0006314335443831113,1,0.1,1,1000,"{'colsample_bytree': 1, 'learning_rate': 0.1, 'max_depth': 1, 'n_estimators': 1000}",0.816,0.816,0.832,0.8225806451612904,0.8145161290322581,0.8202193548387097,0.006519079498104113,102
31,0.3596519470214844,0.009576447805428408,0.00597677230834961,1.4357154286620187e-05,0.1,0.005,10,1000,"{'colsample_bytree': 0.1, 'learning_rate': 0.005, 'max_depth': 10, 'n_estimators': 1000}",0.8,0.792,0.832,0.8064516129032258,0.8629032258064516,0.8186709677419355,0.025858901538188084,104
51,0.19388089179992676,0.0039036948625683346,0.002592945098876953,0.0004891247327792831,0.3,0.1,1,1000,"{'colsample_bytree': 0.3, 'learning_rate': 0.1, 'max_depth': 1, 'n_estimators': 1000}",0.8,0.808,0.824,0.8387096774193549,0.8225806451612904,0.8186580645161291,0.013473735965725661,105
68,0.006780433654785156,0.000755323836774098,0.0013972282409667968,0.0007988930317757003,0.3,0.005,3,10,"{'colsample_bytree': 0.3, 'learning_rate': 0.005, 'max_depth': 3, 'n_estimators': 10}",0.84,0.784,0.816,0.8145161290322581,0.8387096774193549,0.8186451612903225,0.02041052145478383,106
22,0.14402265548706056,0.008795111842343516,0.0033908367156982424,0.0007978451442914501,0.1,0.005,3,500,"{'colsample_bytree': 0.1, 'learning_rate': 0.005, 'max_depth': 3, 'n_estimators': 500}",0.816,0.792,0.832,0.8064516129032258,0.8467741935483871,0.8186451612903225,0.019158487901942203,106
50,0.10074520111083984,0.004629508003181772,0.0023859500885009765,0.0004948417808839947,0.3,0.1,1,500,"{'colsample_bytree': 0.3, 'learning_rate': 0.1, 'max_depth': 1, 'n_estimators': 500}",0.816,0.816,0.816,0.8225806451612904,0.8225806451612904,0.8186322580645161,0.003223844564695328,108
151,0.4892995357513428,0.007316261867542038,0.004970121383666992,1.9730574362480566e-05,1,0.1,3,1000,"{'colsample_bytree': 1, 'learning_rate': 0.1, 'max_depth': 3, 'n_estimators': 1000}",0.808,0.816,0.832,0.8467741935483871,0.7903225806451613,0.8186193548387097,0.019452895694073304,109
159,1.180449867248535,0.02911215814810718,0.00876932144165039,0.00039430948516336784,1,0.1,10,1000,"{'colsample_bytree': 1, 'learning_rate': 0.1, 'max_depth': 10, 'n_estimators': 1000}",0.832,0.8,0.84,0.7983870967741935,0.8225806451612904,0.8185935483870967,0.01678026689060322,110
110,0.5471433639526367,0.008846512610720676,0.005775928497314453,0.0003955374430849643,0.7,0.1,10,500,"{'colsample_bytree': 0.7, 'learning_rate': 0.1, 'max_depth': 10, 'n_estimators': 500}",0.84,0.808,0.84,0.8064516129032258,0.7983870967741935,0.8185677419354839,0.01780123345701221,111
90,0.25411181449890136,0.006408153615679108,0.004188156127929688,0.00039870876918677987,0.3,0.0001,5,500,"{'colsample_bytree': 0.3, 'learning_rate': 0.0001, 'max_depth': 5, 'n_estimators': 500}",0.824,0.8,0.816,0.7983870967741935,0.8467741935483871,0.8170322580645161,0.017730976087268414,112
146,0.12047710418701171,0.001162484422804175,0.0022009849548339845,0.0003964777128495668,1,0.1,1,500,"{'colsample_bytree': 1, 'learning_rate': 0.1, 'max_depth': 1, 'n_estimators': 500}",0.816,0.816,0.824,0.8064516129032258,0.8225806451612904,0.8170064516129031,0.0062195154577037795,113
154,0.3857675075531006,0.003954704945410142,0.0041885852813720705,0.00039980543399579436,1,0.1,5,500,"{'colsample_bytree': 1, 'learning_rate': 0.1, 'max_depth': 5, 'n_estimators': 500}",0.808,0.816,0.84,0.8225806451612904,0.7983870967741935,0.8169935483870969,0.014061177467004134,114
158,0.657422685623169,0.01473057271591669,0.005994844436645508,1.71126751722329e-05,1,0.1,10,500,"{'colsample_bytree': 1, 'learning_rate': 0.1, 'max_depth': 10, 'n_estimators': 500}",0.816,0.816,0.84,0.8064516129032258,0.8064516129032258,0.8169806451612903,0.01227627848851498,115
91,0.5216053485870361,0.017923005914107955,0.008176612854003906,0.0014671760468703363,0.3,0.0001,5,1000,"{'colsample_bytree': 0.3, 'learning_rate': 0.0001, 'max_depth': 5, 'n_estimators': 1000}",0.816,0.792,0.824,0.7983870967741935,0.8467741935483871,0.8154322580645161,0.019471279845293576,116
2,0.12187433242797852,0.03075778363529655,0.002193307876586914,0.000399788150500452,0.1,0.1,1,500,"{'colsample_bytree': 0.1, 'learning_rate': 0.1, 'max_depth': 1, 'n_estimators': 500}",0.816,0.8,0.824,0.8064516129032258,0.8306451612903226,0.8154193548387096,0.011171093960331346,117
98,0.11409287452697754,0.007316637010128272,0.001995849609375,1.6545631001374696e-06,0.7,0.1,1,500,"{'colsample_bytree': 0.7, 'learning_rate': 0.1, 'max_depth': 1, 'n_estimators': 500}",0.808,0.816,0.824,0.8064516129032258,0.8225806451612904,0.8154064516129031,0.0072210122344382125,118
59,0.46874537467956545,0.00716776198258309,0.00718083381652832,0.0007363998430935948,0.3,0.1,5,1000,"{'colsample_bytree': 0.3, 'learning_rate': 0.1, 'max_depth': 5, 'n_estimators': 1000}",0.792,0.824,0.84,0.8225806451612904,0.7983870967741935,0.8153935483870967,0.017706949669474243,119
85,0.05485224723815918,0.010704715159077923,0.0025942325592041016,0.0004890064445873071,0.3,0.0001,3,100,"{'colsample_bytree': 0.3, 'learning_rate': 0.0001, 'max_depth': 3, 'n_estimators': 100}",0.832,0.776,0.824,0.7903225806451613,0.8467741935483871,0.8138193548387097,0.026467356447822818,120
27,0.30756893157958987,0.005143126345317989,0.004994535446166992,1.723263365099449e-05,0.1,0.005,5,1000,"{'colsample_bytree': 0.1, 'learning_rate': 0.005, 'max_depth': 5, 'n_estimators': 1000}",0.816,0.792,0.832,0.8064516129032258,0.8225806451612904,0.8138064516129031,0.013728935240986328,121
106,0.32831463813781736,0.007055904362512456,0.004189109802246094,0.0003990650604326424,0.7,0.1,5,500,"{'colsample_bytree': 0.7, 'learning_rate': 0.1, 'max_depth': 5, 'n_estimators': 500}",0.8,0.824,0.84,0.8225806451612904,0.782258064516129,0.8137677419354838,0.0202628143188627,122
155,0.7761389732360839,0.014305975653968918,0.007357358932495117,0.0007911578897816171,1,0.1,5,1000,"{'colsample_bytree': 1, 'learning_rate': 0.1, 'max_depth': 5, 'n_estimators': 1000}",0.8,0.832,0.832,0.8064516129032258,0.7983870967741935,0.8137677419354837,0.015129250978541394,123
107,0.6568575859069824,0.0177185597290697,0.00716547966003418,0.00038714800314786703,0.7,0.1,5,1000,"{'colsample_bytree': 0.7, 'learning_rate': 0.1, 'max_depth': 5, 'n_estimators': 1000}",0.816,0.824,0.832,0.8145161290322581,0.782258064516129,0.8137548387096775,0.016944121913801274,124
87,0.3726015567779541,0.030644915963876078,0.005186605453491211,0.0003994469570345223,0.3,0.0001,3,1000,"{'colsample_bytree': 0.3, 'learning_rate': 0.0001, 'max_depth': 3, 'n_estimators': 1000}",0.832,0.776,0.824,0.7903225806451613,0.8387096774193549,0.8122064516129033,0.024589039291477724,125
69,0.04388227462768555,0.005657709111139081,0.001995420455932617,0.0008930302439762411,0.3,0.005,3,100,"{'colsample_bytree': 0.3, 'learning_rate': 0.005, 'max_depth': 3, 'n_estimators': 100}",0.832,0.776,0.824,0.7903225806451613,0.8387096774193549,0.8122064516129033,0.024589039291477724,125
111,0.9926758289337159,0.020856659890249245,0.008992910385131836,0.0006310233140357927,0.7,0.1,10,1000,"{'colsample_bytree': 0.7, 'learning_rate': 0.1, 'max_depth': 10, 'n_estimators': 1000}",0.816,0.792,0.84,0.8064516129032258,0.8064516129032258,0.8121806451612903,0.015883362587184174,127
86,0.20884079933166505,0.038329502403576673,0.0035906314849853517,0.0007981897161566538,0.3,0.0001,3,500,"{'colsample_bytree': 0.3, 'learning_rate': 0.0001, 'max_depth': 3, 'n_estimators': 500}",0.832,0.776,0.816,0.7903225806451613,0.8387096774193549,0.8106064516129032,0.02402335318891028,128
23,0.27884740829467775,0.005402736377859819,0.004586076736450196,0.00048830666513163,0.1,0.005,3,1000,"{'colsample_bytree': 0.1, 'learning_rate': 0.005, 'max_depth': 3, 'n_estimators': 1000}",0.84,0.792,0.816,0.7903225806451613,0.8145161290322581,0.8105677419354839,0.018253682364803264,129
103,0.4258604049682617,0.008300093315139156,0.004994344711303711,1.4154435360693463e-05,0.7,0.1,3,1000,"{'colsample_bytree': 0.7, 'learning_rate': 0.1, 'max_depth': 3, 'n_estimators': 1000}",0.808,0.808,0.808,0.8387096774193549,0.782258064516129,0.8089935483870969,0.01789299213473866,130
63,0.6171625137329102,0.010006271020235604,0.008953046798706055,1.8763648206127672e-05,0.3,0.1,10,1000,"{'colsample_bytree': 0.3, 'learning_rate': 0.1, 'max_depth': 10, 'n_estimators': 1000}",0.824,0.776,0.84,0.8145161290322581,0.7741935483870968,0.8057419354838709,0.02632049327587002,131
1,0.022745370864868164,0.0007494776373934634,0.0015897274017333985,0.0007851315946918381,0.1,0.1,1,100,"{'colsample_bytree': 0.1, 'learning_rate': 0.1, 'max_depth': 1, 'n_estimators': 100}",0.824,0.768,0.816,0.7661290322580645,0.8225806451612904,0.799341935483871,0.026498916004766667,132
49,0.022539377212524414,0.0007811411644658621,0.001596212387084961,0.0004883246709844104,0.3,0.1,1,100,"{'colsample_bytree': 0.3, 'learning_rate': 0.1, 'max_depth': 1, 'n_estimators': 100}",0.832,0.752,0.832,0.7661290322580645,0.8145161290322581,0.7993290322580645,0.03378671179414418,133
18,0.09574289321899414,0.0020956305415530535,0.0021873950958251954,0.0003835442757274775,0.1,0.005,1,500,"{'colsample_bytree': 0.1, 'learning_rate': 0.005, 'max_depth': 1, 'n_estimators': 500}",0.832,0.776,0.8,0.75,0.8225806451612904,0.7961161290322581,0.03011465844876797,134
145,0.029720115661621093,0.004433529459905762,0.0017958641052246093,0.00039939891756888646,1,0.1,1,100,"{'colsample_bytree': 1, 'learning_rate': 0.1, 'max_depth': 1, 'n_estimators': 100}",0.824,0.752,0.832,0.7741935483870968,0.7983870967741935,0.796116129032258,0.029990505608257372,135
97,0.025131845474243165,0.0003986845317591645,0.0015967369079589843,0.0004886557634753378,0.7,0.1,1,100,"{'colsample_bytree': 0.7, 'learning_rate': 0.1, 'max_depth': 1, 'n_estimators': 100}",0.832,0.752,0.832,0.7661290322580645,0.7983870967741935,0.7961032258064515,0.03294213006778257,136
67,0.1992663860321045,0.004485559791212775,0.0029920101165771484,8.609519045480627e-07,0.3,0.005,1,1000,"{'colsample_bytree': 0.3, 'learning_rate': 0.005, 'max_depth': 1, 'n_estimators': 1000}",0.832,0.752,0.816,0.75,0.8145161290322581,0.7929032258064516,0.03476462852472349,137
66,0.10173301696777344,0.0016840090026507368,0.0019955158233642576,2.3360154559928687e-07,0.3,0.005,1,500,"{'colsample_bytree': 0.3, 'learning_rate': 0.005, 'max_depth': 1, 'n_estimators': 500}",0.832,0.76,0.8,0.75,0.8145161290322581,0.7913032258064516,0.03148507136791441,138
48,0.005576324462890625,0.00048147330499101633,0.0016032218933105468,0.0004941907641127294,0.3,0.1,1,10,"{'colsample_bytree': 0.3, 'learning_rate': 0.1, 'max_depth': 1, 'n_estimators': 10}",0.832,0.76,0.8,0.75,0.8145161290322581,0.7913032258064516,0.03148507136791441,138
115,0.22518982887268066,0.005352651246788733,0.0029999732971191405,0.0006303708311155365,0.7,0.005,1,1000,"{'colsample_bytree': 0.7, 'learning_rate': 0.005, 'max_depth': 1, 'n_estimators': 1000}",0.832,0.752,0.832,0.7419354838709677,0.7983870967741935,0.7912645161290321,0.038326351503410204,140
163,0.2431483745574951,0.005003196078903446,0.0027935028076171873,0.00039909060791920706,1,0.005,1,1000,"{'colsample_bytree': 1, 'learning_rate': 0.005, 'max_depth': 1, 'n_estimators': 1000}",0.832,0.752,0.832,0.7419354838709677,0.7983870967741935,0.7912645161290321,0.038326351503410204,140
82,0.10332260131835938,0.0013530990068036648,0.0021950244903564454,0.0003991603993725822,0.3,0.0001,1,500,"{'colsample_bytree': 0.3, 'learning_rate': 0.0001, 'max_depth': 1, 'n_estimators': 500}",0.824,0.76,0.8,0.75,0.8145161290322581,0.7897032258064517,0.029518130727119375,142
83,0.30578079223632815,0.0987298500107818,0.004588079452514648,0.0018502650099716485,0.3,0.0001,1,1000,"{'colsample_bytree': 0.3, 'learning_rate': 0.0001, 'max_depth': 1, 'n_estimators': 1000}",0.824,0.76,0.8,0.75,0.8145161290322581,0.7897032258064517,0.029518130727119375,142
80,0.007180595397949218,0.0011717127737215685,0.0017955780029296875,0.00039794788929908815,0.3,0.0001,1,10,"{'colsample_bytree': 0.3, 'learning_rate': 0.0001, 'max_depth': 1, 'n_estimators': 10}",0.824,0.76,0.8,0.75,0.8145161290322581,0.7897032258064517,0.029518130727119375,142
19,0.187697696685791,0.0035688680588630145,0.0029850006103515625,0.0006305453596743113,0.1,0.005,1,1000,"{'colsample_bytree': 0.1, 'learning_rate': 0.005, 'max_depth': 1, 'n_estimators': 1000}",0.832,0.752,0.8,0.75,0.8145161290322581,0.7897032258064517,0.033192168377846436,142
81,0.025921964645385744,0.003790299094664197,0.0018037796020507813,0.0004035345164742493,0.3,0.0001,1,100,"{'colsample_bytree': 0.3, 'learning_rate': 0.0001, 'max_depth': 1, 'n_estimators': 100}",0.824,0.76,0.8,0.75,0.8145161290322581,0.7897032258064517,0.029518130727119375,142
64,0.005383682250976562,0.000503969988811931,0.0012049198150634766,0.00041368052661377265,0.3,0.005,1,10,"{'colsample_bytree': 0.3, 'learning_rate': 0.005, 'max_depth': 1, 'n_estimators': 10}",0.824,0.76,0.8,0.75,0.8145161290322581,0.7897032258064517,0.029518130727119375,142
65,0.023337316513061524,0.000797033208663893,0.001985645294189453,0.0006315738239411109,0.3,0.005,1,100,"{'colsample_bytree': 0.3, 'learning_rate': 0.005, 'max_depth': 1, 'n_estimators': 100}",0.824,0.76,0.8,0.75,0.8145161290322581,0.7897032258064517,0.029518130727119375,142
144,0.008775663375854493,0.0017143992497888052,0.001995706558227539,0.0006311283509334044,1,0.1,1,10,"{'colsample_bytree': 1, 'learning_rate': 0.1, 'max_depth': 1, 'n_estimators': 10}",0.832,0.752,0.808,0.75,0.8064516129032258,0.7896903225806453,0.03286997434315181,149
96,0.0059832572937011715,5.135693366178993e-07,0.0017956256866455077,0.0003989223370332614,0.7,0.1,1,10,"{'colsample_bytree': 0.7, 'learning_rate': 0.1, 'max_depth': 1, 'n_estimators': 10}",0.832,0.752,0.8,0.75,0.8064516129032258,0.7880903225806453,0.03212606800679975,150
162,0.1222874641418457,0.002231176396650091,0.002379322052001953,0.0004855234433590415,1,0.005,1,500,"{'colsample_bytree': 1, 'learning_rate': 0.005, 'max_depth': 1, 'n_estimators': 500}",0.832,0.752,0.8,0.75,0.7903225806451613,0.7848645161290323,0.030907080371098725,151
114,0.11290516853332519,0.0014603373864273271,0.0019954681396484376,6.14361702286011e-07,0.7,0.005,1,500,"{'colsample_bytree': 0.7, 'learning_rate': 0.005, 'max_depth': 1, 'n_estimators': 500}",0.832,0.752,0.8,0.75,0.7903225806451613,0.7848645161290323,0.030907080371098725,151
129,0.02753338813781738,0.0017567109370416765,0.0011975288391113282,0.00039818450709150404,0.7,0.0001,1,100,"{'colsample_bytree': 0.7, 'learning_rate': 0.0001, 'max_depth': 1, 'n_estimators': 100}",0.824,0.744,0.792,0.75,0.7903225806451613,0.7800645161290323,0.02960586043175009,153
161,0.028322839736938478,0.0018331523120694198,0.0015962600708007812,0.0004889475618007276,1,0.005,1,100,"{'colsample_bytree': 1, 'learning_rate': 0.005, 'max_depth': 1, 'n_estimators': 100}",0.824,0.744,0.792,0.75,0.7903225806451613,0.7800645161290323,0.02960586043175009,153
160,0.005584049224853516,0.0004885607390781767,0.001596546173095703,0.0004884024605583174,1,0.005,1,10,"{'colsample_bytree': 1, 'learning_rate': 0.005, 'max_depth': 1, 'n_estimators': 10}",0.824,0.744,0.792,0.75,0.7903225806451613,0.7800645161290323,0.02960586043175009,153
112,0.005584430694580078,0.0004892610985370508,0.0017955780029296875,0.0007563549969217581,0.7,0.005,1,10,"{'colsample_bytree': 0.7, 'learning_rate': 0.005, 'max_depth': 1, 'n_estimators': 10}",0.824,0.744,0.792,0.75,0.7903225806451613,0.7800645161290323,0.02960586043175009,153
178,0.14141340255737306,0.009074099745244832,0.002193927764892578,0.00039863780354297323,1,0.0001,1,500,"{'colsample_bytree': 1, 'learning_rate': 0.0001, 'max_depth': 1, 'n_estimators': 500}",0.824,0.744,0.792,0.75,0.7903225806451613,0.7800645161290323,0.02960586043175009,153
113,0.02573819160461426,0.0004020548407184293,0.0015883922576904296,0.0004814445443717306,0.7,0.005,1,100,"{'colsample_bytree': 0.7, 'learning_rate': 0.005, 'max_depth': 1, 'n_estimators': 100}",0.824,0.744,0.792,0.75,0.7903225806451613,0.7800645161290323,0.02960586043175009,153
176,0.007762527465820313,0.0023960543650510795,0.002003908157348633,0.0006447158966332234,1,0.0001,1,10,"{'colsample_bytree': 1, 'learning_rate': 0.0001, 'max_depth': 1, 'n_estimators': 10}",0.824,0.744,0.792,0.75,0.7903225806451613,0.7800645161290323,0.02960586043175009,153
177,0.03291864395141601,0.0029623644534897972,0.002992391586303711,0.0010927544622678334,1,0.0001,1,100,"{'colsample_bytree': 1, 'learning_rate': 0.0001, 'max_depth': 1, 'n_estimators': 100}",0.824,0.744,0.792,0.75,0.7903225806451613,0.7800645161290323,0.02960586043175009,153
128,0.005192613601684571,0.0004142047175538597,0.0015891551971435546,0.00048342882738773346,0.7,0.0001,1,10,"{'colsample_bytree': 0.7, 'learning_rate': 0.0001, 'max_depth': 1, 'n_estimators': 10}",0.824,0.744,0.792,0.75,0.7903225806451613,0.7800645161290323,0.02960586043175009,153
179,0.25012960433959963,0.003292606139368466,0.002593660354614258,0.0004888323890219457,1,0.0001,1,1000,"{'colsample_bytree': 1, 'learning_rate': 0.0001, 'max_depth': 1, 'n_estimators': 1000}",0.824,0.744,0.792,0.75,0.7903225806451613,0.7800645161290323,0.02960586043175009,153
130,0.11727752685546874,0.003228037831399443,0.0017960548400878906,0.00039901821722622156,0.7,0.0001,1,500,"{'colsample_bytree': 0.7, 'learning_rate': 0.0001, 'max_depth': 1, 'n_estimators': 500}",0.824,0.744,0.792,0.75,0.7903225806451613,0.7800645161290323,0.02960586043175009,153
131,0.23657217025756835,0.009967798543896468,0.0027874469757080077,0.0007264580161600965,0.7,0.0001,1,1000,"{'colsample_bytree': 0.7, 'learning_rate': 0.0001, 'max_depth': 1, 'n_estimators': 1000}",0.824,0.744,0.792,0.75,0.7903225806451613,0.7800645161290323,0.02960586043175009,153
29,0.04029097557067871,0.0013763341168598717,0.0017950057983398438,0.0004004005166593148,0.1,0.005,10,100,"{'colsample_bytree': 0.1, 'learning_rate': 0.005, 'max_depth': 10, 'n_estimators': 100}",0.816,0.784,0.768,0.7419354838709677,0.7741935483870968,0.776825806451613,0.024034328553372272,165
17,0.02154197692871094,0.0007884607971864371,0.0017961025238037109,0.00039916079811327287,0.1,0.005,1,100,"{'colsample_bytree': 0.1, 'learning_rate': 0.005, 'max_depth': 1, 'n_estimators': 100}",0.832,0.76,0.768,0.7419354838709677,0.7741935483870968,0.7752258064516131,0.0303863707878484,166
47,0.3524637699127197,0.004744849355752176,0.004986715316772461,3.8146972656249997e-07,0.1,0.0001,10,1000,"{'colsample_bytree': 0.1, 'learning_rate': 0.0001, 'max_depth': 10, 'n_estimators': 1000}",0.776,0.776,0.776,0.7338709677419355,0.782258064516129,0.7688258064516129,0.017644678887077984,167
25,0.03490371704101562,2.469740303536046e-05,0.002188444137573242,0.00038576140834018077,0.1,0.005,5,100,"{'colsample_bytree': 0.1, 'learning_rate': 0.005, 'max_depth': 5, 'n_estimators': 100}",0.808,0.776,0.744,0.7419354838709677,0.7580645161290323,0.7656000000000001,0.02445106476532606,168
21,0.03211398124694824,0.0014506145901955088,0.001794910430908203,0.0003984481253084483,0.1,0.005,3,100,"{'colsample_bytree': 0.1, 'learning_rate': 0.005, 'max_depth': 3, 'n_estimators': 100}",0.784,0.76,0.768,0.7419354838709677,0.7580645161290323,0.7624000000000001,0.013720589205940423,169
43,0.3123629093170166,0.011448198053668153,0.004987001419067383,1.2525487457812974e-06,0.1,0.0001,5,1000,"{'colsample_bytree': 0.1, 'learning_rate': 0.0001, 'max_depth': 5, 'n_estimators': 1000}",0.752,0.768,0.768,0.7258064516129032,0.7661290322580645,0.7559870967741935,0.016237283185451215,170
46,0.18085970878601074,0.0026626425759010883,0.0035901546478271486,0.0004884613438869369,0.1,0.0001,10,500,"{'colsample_bytree': 0.1, 'learning_rate': 0.0001, 'max_depth': 10, 'n_estimators': 500}",0.752,0.776,0.744,0.7258064516129032,0.7741935483870968,0.7544000000000001,0.018920124561522235,171
39,0.27427244186401367,0.002690057140384122,0.004580640792846679,0.00048297622344172273,0.1,0.0001,3,1000,"{'colsample_bytree': 0.1, 'learning_rate': 0.0001, 'max_depth': 3, 'n_estimators': 1000}",0.76,0.76,0.752,0.7258064516129032,0.7661290322580645,0.7527870967741935,0.01421712997054523,172
42,0.1546001434326172,0.0016638632427507496,0.002983713150024414,1.4776259526047788e-05,0.1,0.0001,5,500,"{'colsample_bytree': 0.1, 'learning_rate': 0.0001, 'max_depth': 5, 'n_estimators': 500}",0.76,0.768,0.736,0.7258064516129032,0.75,0.7479612903225806,0.015391855624418886,173
38,0.13882737159729003,0.0019427966840039534,0.002986621856689453,1.4856672632179896e-05,0.1,0.0001,3,500,"{'colsample_bytree': 0.1, 'learning_rate': 0.0001, 'max_depth': 3, 'n_estimators': 500}",0.76,0.744,0.728,0.7258064516129032,0.7661290322580645,0.7447870967741935,0.016307063898399133,174
45,0.04048967361450195,0.0013407991994260106,0.0021950244903564454,0.00039975644224422467,0.1,0.0001,10,100,"{'colsample_bytree': 0.1, 'learning_rate': 0.0001, 'max_depth': 10, 'n_estimators': 100}",0.76,0.752,0.736,0.717741935483871,0.7580645161290323,0.7447612903225806,0.01592732715367351,175
41,0.03629460334777832,0.00223536422481049,0.0015970230102539062,0.0004879172605719133,0.1,0.0001,5,100,"{'colsample_bytree': 0.1, 'learning_rate': 0.0001, 'max_depth': 5, 'n_estimators': 100}",0.76,0.744,0.728,0.7096774193548387,0.7419354838709677,0.7367225806451614,0.01690856355022347,176
37,0.03093862533569336,2.9956229483561578e-05,0.0015892982482910156,0.0004822655913507605,0.1,0.0001,3,100,"{'colsample_bytree': 0.1, 'learning_rate': 0.0001, 'max_depth': 3, 'n_estimators': 100}",0.752,0.728,0.712,0.717741935483871,0.75,0.7319483870967742,0.016390723500121655,177
35,0.1918783664703369,0.004426729343043914,0.002999544143676758,1.4566575229738258e-05,0.1,0.0001,1,1000,"{'colsample_bytree': 0.1, 'learning_rate': 0.0001, 'max_depth': 1, 'n_estimators': 1000}",0.744,0.76,0.72,0.6935483870967742,0.7338709677419355,0.7302838709677419,0.022535756303590466,178
34,0.09833650588989258,0.005717207025708904,0.0019946575164794924,7.136645101116068e-07,0.1,0.0001,1,500,"{'colsample_bytree': 0.1, 'learning_rate': 0.0001, 'max_depth': 1, 'n_estimators': 500}",0.736,0.736,0.72,0.7016129032258065,0.7338709677419355,0.7254967741935484,0.013352276519059016,179
33,0.0223388671875,0.0013578324107308387,0.0014049530029296875,0.0004975702273921625,0.1,0.0001,1,100,"{'colsample_bytree': 0.1, 'learning_rate': 0.0001, 'max_depth': 1, 'n_estimators': 100}",0.736,0.744,0.72,0.7016129032258065,0.7258064516129032,0.725483870967742,0.014515068061585718,180
40,0.0065883159637451175,0.0004953985734073381,0.0011968612670898438,0.00039899381623883243,0.1,0.0001,5,10,"{'colsample_bytree': 0.1, 'learning_rate': 0.0001, 'max_depth': 5, 'n_estimators': 10}",0.704,0.744,0.688,0.7016129032258065,0.6854838709677419,0.7046193548387097,0.0209886982124544,181
20,0.0059830665588378905,0.0008919499943335177,0.0015953540802001952,0.00048801553190477685,0.1,0.005,3,10,"{'colsample_bytree': 0.1, 'learning_rate': 0.005, 'max_depth': 3, 'n_estimators': 10}",0.688,0.76,0.68,0.7016129032258065,0.6854838709677419,0.7030193548387097,0.029365751959337893,182
12,0.007380199432373047,0.0004880742522776714,0.001595783233642578,0.0004889496311652027,0.1,0.1,10,10,"{'colsample_bytree': 0.1, 'learning_rate': 0.1, 'max_depth': 10, 'n_estimators': 10}",0.696,0.736,0.696,0.7096774193548387,0.6774193548387096,0.7030193548387097,0.019421408100646652,182
44,0.006974124908447265,1.564185785632398e-05,0.0020016193389892577,1.5174064260254845e-05,0.1,0.0001,10,10,"{'colsample_bytree': 0.1, 'learning_rate': 0.0001, 'max_depth': 10, 'n_estimators': 10}",0.696,0.736,0.68,0.7016129032258065,0.6935483870967742,0.7014322580645163,0.01868672229178796,184
36,0.005975675582885742,0.0006302995170314046,0.0015962600708007812,0.0004882663346411603,0.1,0.0001,3,10,"{'colsample_bytree': 0.1, 'learning_rate': 0.0001, 'max_depth': 3, 'n_estimators': 10}",0.688,0.752,0.68,0.7016129032258065,0.6854838709677419,0.7014193548387098,0.026272596438517988,185
24,0.006581258773803711,0.0004909132775453227,0.0017954349517822266,0.00039942277009354424,0.1,0.005,5,10,"{'colsample_bytree': 0.1, 'learning_rate': 0.005, 'max_depth': 5, 'n_estimators': 10}",0.704,0.736,0.688,0.6935483870967742,0.6854838709677419,0.7014064516129033,0.018430685176829678,186
8,0.006977081298828125,0.0010947035624058086,0.0015947818756103516,0.0004874520413485467,0.1,0.1,5,10,"{'colsample_bytree': 0.1, 'learning_rate': 0.1, 'max_depth': 5, 'n_estimators': 10}",0.696,0.72,0.68,0.7016129032258065,0.6935483870967742,0.6982322580645162,0.012996924313979386,187
4,0.006581783294677734,0.0007974517769543448,0.0013966083526611329,0.0004881690453340046,0.1,0.1,3,10,"{'colsample_bytree': 0.1, 'learning_rate': 0.1, 'max_depth': 3, 'n_estimators': 10}",0.688,0.736,0.688,0.7016129032258065,0.6693548387096774,0.6965935483870969,0.02221579530140864,188
0,0.006593465805053711,0.0017354761508794722,0.00225977897644043,0.0007303599954858396,0.1,0.1,1,10,"{'colsample_bytree': 0.1, 'learning_rate': 0.1, 'max_depth': 1, 'n_estimators': 10}",0.696,0.744,0.672,0.6774193548387096,0.6854838709677419,0.6949806451612903,0.025809432085952138,189
28,0.007380437850952148,0.00048698530383043716,0.0017871856689453125,0.00039477157972448004,0.1,0.005,10,10,"{'colsample_bytree': 0.1, 'learning_rate': 0.005, 'max_depth': 10, 'n_estimators': 10}",0.696,0.728,0.672,0.6935483870967742,0.6774193548387096,0.6933935483870968,0.019582047034899155,190
32,0.004985713958740234,1.4588411846903185e-06,0.001588726043701172,0.00048231583798747084,0.1,0.0001,1,10,"{'colsample_bytree': 0.1, 'learning_rate': 0.0001, 'max_depth': 1, 'n_estimators': 10}",0.696,0.648,0.672,0.6774193548387096,0.6854838709677419,0.6757806451612903,0.016073069364403402,191
16,0.004786539077758789,0.0007472583614524847,0.0017955780029296875,0.0003991377502474655,0.1,0.005,1,10,"{'colsample_bytree': 0.1, 'learning_rate': 0.005, 'max_depth': 1, 'n_estimators': 10}",0.696,0.648,0.672,0.6774193548387096,0.6854838709677419,0.6757806451612903,0.016073069364403402,191
